Arrival Rate,Service Time,Throughput
0.04491051304340363,0.1911291835308075,18835
