Arrival Rate,Service Time,Throughput
99.999999,0.5064009165763855,7108
