Arrival Rate,Service Time,Throughput
99.999999,0.18974825716018676,18972
