Arrival Rate,Service Time,Throughput
0.5308618475198745,0.1384624090194702,25999
