Arrival Rate,Service Time,Throughput
0.05611769449710846,0.1532937194108963,23484
