Arrival Rate,Service Time,Throughput
0.05633070981502533,0.17481133675575256,20593
