Arrival Rate,Service Time,Throughput
0.039439845204353334,0.2424441431760788,14848
