Arrival Rate,Service Time,Throughput
0.03626168143749237,0.18819971489906312,19128
