Arrival Rate,Service Time,Throughput
0.5481334567070008,0.2673626184463501,13464
