Arrival Rate,Service Time,Throughput
1.801108479499817,0.010544896125793457,341397
