Mean,Count,Service Time
1.801108479499817,1,0.019307851791381836
1.801108479499817,2,0.0017819404602050781
