Arrival Rate,Service Time,Throughput
0.5172372318506241,0.06076859605312347,59241
