Arrival Rate,Service Time,Throughput
0.6206600666046143,0.07993881702423096,45034
