Mean,Count,Service Time
1,1,0.07995009422302246
1,2,0.057531118392944336
1,3,0.10178709030151367
1,4,0.03270697593688965
1,5,0.20030999183654785
1,6,0.11130499839782715
1,7,0.05942702293395996
1,8,0.36359310150146484
1,9,0.35182881355285645
1,10,0.022372007369995117
