Arrival Rate,Service Time,Throughput
1,0.07928406238555909,45406
2,0.09253132343292236,38905
4,0.1254238224029541,28702
8,0.24835824966430664,14495
16,1.4037534713745117,2564
32,1.9075308084487914,1887
64,2.500237102508545,1439
