Arrival Rate,Service Time,Throughput
0.02276909840106964,0.25303543341159823,14227
