Arrival Rate,Service Time,Throughput
10,0.05158692995707194,19
110,0.1722969929377238,5
