Arrival Rate,Service Time,Throughput
0.0571808340549469,0.1500086808204651,23998
