Arrival Rate,Service Time,Throughput
0.04558549010753631,0.19713041949272156,18262
