Arrival Rate,Service Time,Throughput
75.49999,0.2730160427093506,13186
