Arrival Rate,Service Time,Throughput
75.39999,0.17087365794181825,21068
