Arrival Rate,Service Time,Throughput
0.05150058460235596,0.2724847795963287,13211
