Arrival Rate,Service Time,Throughput
0.052761454463005064,0.19141833901405333,18806
