Arrival Rate,Service Time,Throughput
0.024564253449440004,0.17324665927886962,20779
